[{"Name":"\uAC00\uC8FD \uAC11\uC637","Description":"\uAC00\uC8FD\uC73C\uB85C \uB9CC\uB4E0 \uAC00\uBCCD\uACE0 \uC57D\uD55C \uAC11\uC637 \uC774\uB2E4.","Type":0,"Atk":0,"Def":5,"Gold":1000,"IsEquipped":false,"IsPurchased":false},{"Name":"\uC0AC\uC2AC \uAC11\uC637","Description":"\uC0AC\uC2AC\uC744 \uC5EE\uC5B4 \uB9CC\uB4E0 \uC870\uAE08\uC740 \uBC29\uC5B4\uAC00 \uC218\uC6D4\uD55C \uAC11\uC637\uC774\uB2E4.","Type":0,"Atk":0,"Def":9,"Gold":2000,"IsEquipped":false,"IsPurchased":false},{"Name":"\uC2A4\uD30C\uB974\uD0C0\uC758 \uAC11\uC637","Description":"\uC2A4\uD30C\uB974\uD0C0\uC758 \uC804\uC0AC\uB4E4\uC774 \uC0AC\uC6A9\uD558\uB294 \uAC15\uB825\uD55C \uAC11\uC637\uC774\uB2E4.","Type":0,"Atk":0,"Def":15,"Gold":3500,"IsEquipped":false,"IsPurchased":false},{"Name":"\uC131\uC2A4\uB7EC\uC6B4 \uAC11\uC637","Description":"\uCC9C\uAD6D\uC758 \uCD95\uBCF5\uC744 \uBC1B\uC740 \uC131\uC2A4\uB7EC\uC6B4 \uD798\uC774 \uCC29\uC6A9\uC790\uB97C \uC9C0\uCF1C\uC8FC\uB294 \uBC29\uC5B4\uAD6C \uC774\uB2E4.","Type":0,"Atk":0,"Def":30,"Gold":5500,"IsEquipped":false,"IsPurchased":false},{"Name":"\uB0A1\uC740 \uC2ED\uC790\uAC00 \uAC80","Description":"\uB0A1\uC740 \uC2ED\uC790\uAC00 \uC548\uC5D0 \uC228\uACA8\uC9C4 \uBB34\uB518 \uAC80 \uC774\uB2E4.","Type":1,"Atk":2,"Def":0,"Gold":600,"IsEquipped":false,"IsPurchased":false},{"Name":"\uBB34\uC1E0 \uB3C4\uB07C","Description":"\uBB34\uC1E0\uB85C \uB9CC\uB4E4\uC5B4\uC9C4 \uB0A0\uCE74\uB85C\uC6B4 \uB3C4\uB07C \uC774\uB2E4.","Type":1,"Atk":5,"Def":0,"Gold":1500,"IsEquipped":false,"IsPurchased":false},{"Name":"\uC2A4\uD30C\uB974\uD0C0\uC758 \uCC3D","Description":"\uC2A4\uD30C\uB974\uD0C0\uC758 \uC804\uC0AC\uB4E4\uC774 \uC0AC\uC6A9\uD558\uB294 \uBB34\uC5C7\uC774\uB4E0 \uCC0C\uB974\uB294 \uCC3D \uC774\uB2E4.","Type":1,"Atk":7,"Def":0,"Gold":3000,"IsEquipped":false,"IsPurchased":false},{"Name":"\uCD95\uBCF5\uBC1B\uC740 \uAC80","Description":"\uC0AC\uC81C\uB4E4\uC774 \uCD95\uBCF5\uC744 \uB0B4\uB9B0 \uAC80, \uC545\uB9C8\uB4E4\uC744 \uBCA0\uB294\uB370 \uD6A8\uACFC\uC801\uC774\uB2E4.","Type":1,"Atk":13,"Def":0,"Gold":4500,"IsEquipped":false,"IsPurchased":false},{"Name":"\uB871\uAE30\uB204\uC2A4\uC758 \uCC3D","Description":"\uC131\uC2A4\uB7EC\uC6B4 \uC131\uCC3D, \uADF8 \uC5B4\uB5A4 \uBD88\uACBD\uC2A4\uB7F0 \uC874\uC7AC\uB3C4 \uC774\uAC83\uC744 \uACAC\uB51C\uC218\uB294 \uC5C6\uB2E4","Type":1,"Atk":99,"Def":0,"Gold":9999,"IsEquipped":false,"IsPurchased":false}]